Unnamed: 0,ip,date
0.0,127.0.0.1,2020-06-28 15:03:32.094077
,127.0.0.1,2020-06-28 15:30:32.156427
,127.0.0.1,2020-06-28 22:52:34.411105
,127.0.0.1,2020-06-28 23:31:16.849644
,127.0.0.1,2020-06-29 16:46:26.186475
,127.0.0.1,2020-06-29 17:57:25.227767
,127.0.0.1,2020-06-29 18:44:14.658236
,127.0.0.1,2020-06-29 20:05:52.790446
,127.0.0.1,2020-06-29 21:24:48.801487
,127.0.0.1,2020-06-30 12:21:18.859522
,127.0.0.1,2020-06-30 12:45:18.944712
,127.0.0.1,2020-07-02 00:45:36.054561
,127.0.0.1,2020-07-09 15:38:37.057290
,127.0.0.1,2020-07-10 12:57:45.327962
,127.0.0.1,2020-07-10 13:16:17.608805
,127.0.0.1,2020-07-10 13:52:44.206162
,127.0.0.1,2020-07-10 14:03:07.172328
,127.0.0.1,2020-07-10 14:14:59.135308
,127.0.0.1,2020-07-10 14:26:45.410942
,127.0.0.1,2020-07-10 14:28:30.607931
,127.0.0.1,2020-07-10 14:33:15.817559
,127.0.0.1,2020-07-10 14:43:39.207827
,127.0.0.1,2020-07-10 14:54:01.471285
,127.0.0.1,2020-07-10 19:35:50.317210
,127.0.0.1,2020-07-31 12:54:51.391079
,127.0.0.1,2020-07-31 17:38:10.115239
,127.0.0.1,2020-08-06 08:59:51.016886
,127.0.0.1,2020-08-06 09:28:27.571782
,127.0.0.1,2020-08-06 09:32:57.969664
,127.0.0.1,2020-08-06 09:33:53.807489
,127.0.0.1,2020-08-06 09:37:37.857357
,127.0.0.1,2020-08-06 09:38:08.059884
,127.0.0.1,2020-08-06 10:01:37.055152
,127.0.0.1,2020-08-06 10:02:03.308623
,127.0.0.1,2020-08-07 11:43:27.648222
,127.0.0.1,2020-08-07 11:48:28.383005
,127.0.0.1,2020-08-27 18:07:59.909381
,127.0.0.1,2020-08-27 18:11:31.156889
,127.0.0.1,2020-08-27 18:21:32.013495
,127.0.0.1,2020-08-27 18:37:02.943263
,127.0.0.1,2022-04-27 16:40:54.241896
